Workbook

Sheet Example
A1: Capacity, Commited, Effort, and Delivered Metric
A2: Sprint: | B2: 1
A3: Team: | B3: Team Fun
A5: Scrum Master: | B5: Eric Pogue
A6: Product Owner | B6: James Pogue
A8: Name | B8: Estimated Capacity (hours) | C8: Story Points Committed | D8: Hours Worked/Effort (hours) | E8: Story Points Delivered | G8: Capacity to Effort (%) | H8: Committed to Delivered (%) | I8: Capacity to Delivered (%)
A9: Eric Pogue | B9: 12 | C9: 11 | D9: 10 | E9: 8 | G9: =D9/B9 -> 0.83333333 | H9: =E9/C9 -> 0.72727273 | I9: =E9/B9 -> 0.66666667
A10: James Pogue | B10: 12 | C10: 14 | D10: 14 | E10: 12 | G10: =D10/B10 -> 1.1666667 | H10: =E10/C10 -> 0.85714286 | I10: =E10/B10 -> 1
A11: Ted Danson | B11: 12 | C11: 6 | D11: 4 | E11: 3 | G11: =D11/B11 -> 0.33333333 | H11: =E11/C11 -> 0.5 | I11: =E11/B11 -> 0.25
A13: Team Totals: | B13: =SUM(B9:B11) -> 36 | C13: =SUM(C9:C11) -> 31 | D13: =SUM(D9:D11) -> 28 | E13: =SUM(E9:E11) -> 23 | G13: =D13/B13 -> 0.77777778 | H13: =E13/C13 -> 0.74193548 | I13: =E13/B13 -> 0.63888889
A16: Preliminary Signoff | B16: Initial | D16: Date/Time
A17: Product Owner | B17: JP | D17: January 29, 2023 @ 11:58 pm
A18: Scrum Master | B18: EJP | D18: January 29, 2023 @ 11:59 pm
A20: Final Signoff | B20: Initial | D20: Date
A21: Product Owner | B21: JP | D21: January 30, 2023 @ 2:06 pm
A22: Scrum Master | B22: EJP | D22: January 30, 2023 @ 2:07 pm

Sheet Sprint4
A1: Capacity, Commited, Effort, and Delivered Metric
A2: Sprint: | B2: 4
A3: Team: | B3: BearDown
A5: Scrum Master: | B5: Erick Hernandez
A6: Product Owner | B6: Sebastian Jaculbe
A8: Name | B8: Estimated Capacity (hours) | C8: Story Points Committed | D8: Hours Worked/Effort (hours) | E8: Story Points Delivered | G8: Capacity to Effort (%) | H8: Committed to Delivered (%) | I8: Capacity to Delivered (%)
A9: Sebastian Jaculbe | B9: 6 | C9: 16 | D9: 6 | E9: 16 | G9: =D9/B9 -> 1 | H9: =E9/C9 -> 1 | I9: =E9/B9 -> 2.6666667
A10: Kevin Brian Dacanay | B10: 6 | C10: 17 | D10: 6 | E10: 17 | G10: =D10/B10 -> 1 | H10: =E10/C10 -> 1 | I10: =E10/B10 -> 2.8333333
A11: Erick Hernandez | B11: 6 | C11: 14 | D11: 6 | E11: 14 | G11: =D11/B11 -> 1 | H11: =E11/C11 -> 1 | I11: =E11/B11 -> 2.3333333
A12: Kaleb Richardson | B12: 6 | C12: 14 | D12: 6 | E12: 14 | G12: =D12/B12 -> 1 | H12: =E12/C12 -> 1 | I12: =E12/B12 -> 2.3333333
A13: Edward Rodriguez | B13: 6 | C13: 12 | D13: 6 | E13: 12 | G13: =D13/B13 -> 1 | H13: =E13/C13 -> 1 | I13: =E13/B13 -> 2
A14: Team Member 6 | B14: 0 | C14: 0 | D14: 0 | E14: 0 | G14: =D14/B14 -> #DIV/0! | H14: =E14/C14 -> #DIV/0! | I14: =E14/B14 -> #DIV/0!
A16: Team Totals: | B16: =SUM(B9:B14) -> 30 | C16: =SUM(C9:C14) -> 73 | D16: =SUM(D9:D14) -> 30 | E16: =SUM(E9:E14) -> 73 | G16: =D16/B16 -> 1 | H16: =E16/C16 -> 1 | I16: =E16/B16 -> 2.4333333
A19: Preliminary Signoff | B19: Initial | D19: Date/Time
A20: Product Owner | B20: SDJ | D20: April 7, 2026 @ 9:38 pm
A21: Scrum Master | D21: January 29, 2023 @ 11:59 pm
A23: Final Signoff | B23: Initial | D23: Date
A24: Product Owner | B24: SDJ | D24: January 30, 2023 @ 2:06 pm
A25: Scrum Master | D25: January 30, 2023 @ 2:07 pm

Sheet Sprint5
A1: =Sprint4!A1 -> Capacity, Commited, Effort, and Delivered Metric
A2: Sprint: | B2: =Sprint4!B2+1 -> 5
A3: Team: | B3: =Sprint4!B3 -> BearDown
A5: Scrum Master: | B5: Erick Hernandez
A6: Product Owner | B6: Sebastian Jaculbe
A8: Name | B8: Estimated Capacity (hours) | C8: Story Points Committed | D8: Hours Worked/Effort (hours) | E8: Story Points Delivered | G8: Capacity to Effort (%) | H8: Committed to Delivered (%) | I8: Capacity to Delivered (%)
A9: =Sprint4!A9 -> Sebastian Jaculbe | B9: 6 | C9: 22 | D9: 6 | E9: 22 | G9: =D9/B9 -> 1 | H9: =E9/C9 -> 1 | I9: =E9/B9 -> 3.6666667
A10: =Sprint4!A10 -> Kevin Brian Dacanay | B10: 6 | C10: 25 | D10: 6 | E10: 25 | G10: =D10/B10 -> 1 | H10: =E10/C10 -> 1 | I10: =E10/B10 -> 4.1666667
A11: =Sprint4!A11 -> Erick Hernandez | B11: 6 | C11: 25 | D11: 6 | E11: 25 | G11: =D11/B11 -> 1 | H11: =E11/C11 -> 1 | I11: =E11/B11 -> 4.1666667
A12: =Sprint4!A12 -> Kaleb Richardson | B12: 6 | C12: 15 | D12: 6 | E12: 15 | G12: =D12/B12 -> 1 | H12: =E12/C12 -> 1 | I12: =E12/B12 -> 2.5
A13: =Sprint4!A13 -> Edward Rodriguez | B13: 6 | C13: 13 | D13: 6 | E13: 13 | G13: =D13/B13 -> 1 | H13: =E13/C13 -> 1 | I13: =E13/B13 -> 2.1666667
A14: =Sprint4!A14 -> Team Member 6 | B14: 0 | C14: 0 | D14: 0 | E14: 0 | G14: =D14/B14 -> #DIV/0! | H14: =E14/C14 -> #DIV/0! | I14: =E14/B14 -> #DIV/0!
A16: Team Totals: | B16: =SUM(B9:B14) -> 30 | C16: =SUM(C9:C14) -> 100 | D16: =SUM(D9:D14) -> 30 | E16: =SUM(E9:E14) -> 100 | G16: =D16/B16 -> 1 | H16: =E16/C16 -> 1 | I16: =E16/B16 -> 3.3333333
A19: Preliminary Signoff | B19: Initial | D19: Date/Time
A20: Product Owner | B20: SDJ | D20: April 13, 2026 @ 12:04 am
A21: Scrum Master | D21: January 29, 2023 @ 11:59 pm
A23: Final Signoff | B23: Initial | D23: Date
A24: Product Owner | B24: SDJ | D24: April 13, 2026 @ 12:04 am
A25: Scrum Master | D25: January 30, 2023 @ 2:07 pm

Sheet Sprint6
A1: =Sprint4!A1 -> Capacity, Commited, Effort, and Delivered Metric
A2: Sprint: | B2: =Sprint4!B2+2 -> 6
A3: Team: | B3: =Sprint4!B3 -> BearDown
A5: Scrum Master: | B5: Eric Pogue
A6: Product Owner | B6: James Pogue
A8: Name | B8: Estimated Capacity (hours) | C8: Story Points Committed | D8: Hours Worked/Effort (hours) | E8: Story Points Delivered | G8: Capacity to Effort (%) | H8: Committed to Delivered (%) | I8: Capacity to Delivered (%)
A9: =Sprint4!A9 -> Sebastian Jaculbe | B9: 8 | C9: 1 | D9: 1 | E9: 1 | G9: =D9/B9 -> 0.125 | H9: =E9/C9 -> 1 | I9: =E9/B9 -> 0.125
A10: =Sprint4!A10 -> Kevin Brian Dacanay | B10: 8 | C10: 1 | D10: 1 | E10: 1 | G10: =D10/B10 -> 0.125 | H10: =E10/C10 -> 1 | I10: =E10/B10 -> 0.125
A11: =Sprint4!A11 -> Erick Hernandez | B11: 8 | C11: 1 | D11: 1 | E11: 1 | G11: =D11/B11 -> 0.125 | H11: =E11/C11 -> 1 | I11: =E11/B11 -> 0.125
A12: =Sprint4!A12 -> Kaleb Richardson | B12: 8 | C12: 1 | D12: 1 | E12: 1 | G12: =D12/B12 -> 0.125 | H12: =E12/C12 -> 1 | I12: =E12/B12 -> 0.125
A13: =Sprint4!A13 -> Edward Rodriguez | B13: 8 | C13: 1 | D13: 1 | E13: 1 | G13: =D13/B13 -> 0.125 | H13: =E13/C13 -> 1 | I13: =E13/B13 -> 0.125
A14: =Sprint4!A14 -> Team Member 6 | B14: 0 | C14: 1 | D14: 1 | E14: 1 | G14: =D14/B14 -> #DIV/0! | H14: =E14/C14 -> 1 | I14: =E14/B14 -> #DIV/0!
A16: Team Totals: | B16: =SUM(B9:B14) -> 40 | C16: =SUM(C9:C14) -> 6 | D16: =SUM(D9:D14) -> 6 | E16: =SUM(E9:E14) -> 6 | G16: =D16/B16 -> 0.15 | H16: =E16/C16 -> 1 | I16: =E16/B16 -> 0.15
A19: Preliminary Signoff | B19: Initial | D19: Date/Time
A20: Product Owner | B20: ER | D20: April 16, 2026 @ 9:47 am
A21: Scrum Master | D21: January 29, 2023 @ 11:59 pm
A23: Final Signoff | B23: Initial | D23: Date
A24: Product Owner | B24: JP | D24: January 30, 2023 @ 2:06 pm
A25: Scrum Master | B25: EJP | D25: January 30, 2023 @ 2:07 pm

Sheet Sprint7
A1: =Sprint4!A1 -> Capacity, Commited, Effort, and Delivered Metric
A2: Sprint: | B2: =Sprint4!B2+3 -> 7
A3: Team: | B3: =Sprint4!B3 -> BearDown
A5: Scrum Master: | B5: Eric Pogue
A6: Product Owner | B6: James Pogue
A8: Name | B8: Estimated Capacity (hours) | C8: Story Points Committed | D8: Hours Worked/Effort (hours) | E8: Story Points Delivered | G8: Capacity to Effort (%) | H8: Committed to Delivered (%) | I8: Capacity to Delivered (%)
A9: =Sprint4!A9 -> Sebastian Jaculbe | B9: 1 | C9: 1 | D9: 1 | E9: 1 | G9: =D9/B9 -> 1 | H9: =E9/C9 -> 1 | I9: =E9/B9 -> 1
A10: =Sprint4!A10 -> Kevin Brian Dacanay | B10: 1 | C10: 1 | D10: 1 | E10: 1 | G10: =D10/B10 -> 1 | H10: =E10/C10 -> 1 | I10: =E10/B10 -> 1
A11: =Sprint4!A11 -> Erick Hernandez | B11: 1 | C11: 1 | D11: 1 | E11: 1 | G11: =D11/B11 -> 1 | H11: =E11/C11 -> 1 | I11: =E11/B11 -> 1
A12: =Sprint4!A12 -> Kaleb Richardson | B12: 1 | C12: 1 | D12: 1 | E12: 1 | G12: =D12/B12 -> 1 | H12: =E12/C12 -> 1 | I12: =E12/B12 -> 1
A13: =Sprint4!A13 -> Edward Rodriguez | B13: 1 | C13: 1 | D13: 1 | E13: 1 | G13: =D13/B13 -> 1 | H13: =E13/C13 -> 1 | I13: =E13/B13 -> 1
A14: =Sprint4!A14 -> Team Member 6 | B14: 1 | C14: 1 | D14: 1 | E14: 1 | G14: =D14/B14 -> 1 | H14: =E14/C14 -> 1 | I14: =E14/B14 -> 1
A16: Team Totals: | B16: =SUM(B9:B14) -> 6 | C16: =SUM(C9:C14) -> 6 | D16: =SUM(D9:D14) -> 6 | E16: =SUM(E9:E14) -> 6 | G16: =D16/B16 -> 1 | H16: =E16/C16 -> 1 | I16: =E16/B16 -> 1
A19: Preliminary Signoff | B19: Initial | D19: Date/Time
A20: Product Owner | B20: JP | D20: January 29, 2023 @ 11:58 pm
A21: Scrum Master | B21: EJP | D21: January 29, 2023 @ 11:59 pm
A23: Final Signoff | B23: Initial | D23: Date
A24: Product Owner | B24: JP | D24: January 30, 2023 @ 2:06 pm
A25: Scrum Master | B25: EJP | D25: January 30, 2023 @ 2:07 pm

Sheet Sprint8
A1: =Sprint4!A1 -> Capacity, Commited, Effort, and Delivered Metric
A2: Sprint: | B2: =Sprint4!B2+4 -> 8
A3: Team: | B3: =Sprint4!B3 -> BearDown
A5: Scrum Master: | B5: Eric Pogue
A6: Product Owner | B6: James Pogue
A8: Name | B8: Estimated Capacity (hours) | C8: Story Points Committed | D8: Hours Worked/Effort (hours) | E8: Story Points Delivered | G8: Capacity to Effort (%) | H8: Committed to Delivered (%) | I8: Capacity to Delivered (%)
A9: =Sprint4!A9 -> Sebastian Jaculbe | B9: 1 | C9: 1 | D9: 1 | E9: 1 | G9: =D9/B9 -> 1 | H9: =E9/C9 -> 1 | I9: =E9/B9 -> 1
A10: =Sprint4!A10 -> Kevin Brian Dacanay | B10: 1 | C10: 1 | D10: 1 | E10: 1 | G10: =D10/B10 -> 1 | H10: =E10/C10 -> 1 | I10: =E10/B10 -> 1
A11: =Sprint4!A11 -> Erick Hernandez | B11: 1 | C11: 1 | D11: 1 | E11: 1 | G11: =D11/B11 -> 1 | H11: =E11/C11 -> 1 | I11: =E11/B11 -> 1
A12: =Sprint4!A12 -> Kaleb Richardson | B12: 1 | C12: 1 | D12: 1 | E12: 1 | G12: =D12/B12 -> 1 | H12: =E12/C12 -> 1 | I12: =E12/B12 -> 1
A13: =Sprint4!A13 -> Edward Rodriguez | B13: 1 | C13: 1 | D13: 1 | E13: 1 | G13: =D13/B13 -> 1 | H13: =E13/C13 -> 1 | I13: =E13/B13 -> 1
A14: =Sprint4!A14 -> Team Member 6 | B14: 1 | C14: 1 | D14: 1 | E14: 1 | G14: =D14/B14 -> 1 | H14: =E14/C14 -> 1 | I14: =E14/B14 -> 1
A16: Team Totals: | B16: =SUM(B9:B14) -> 6 | C16: =SUM(C9:C14) -> 6 | D16: =SUM(D9:D14) -> 6 | E16: =SUM(E9:E14) -> 6 | G16: =D16/B16 -> 1 | H16: =E16/C16 -> 1 | I16: =E16/B16 -> 1
A19: Preliminary Signoff | B19: Initial | D19: Date/Time
A20: Product Owner | B20: JP | D20: January 29, 2023 @ 11:58 pm
A21: Scrum Master | B21: EJP | D21: January 29, 2023 @ 11:59 pm
A23: Final Signoff | B23: Initial | D23: Date
A24: Product Owner | B24: JP | D24: January 30, 2023 @ 2:06 pm
A25: Scrum Master | B25: EJP | D25: January 30, 2023 @ 2:07 pm
